id,categoria,titulo,precio,descripcion,etiquetas,fotos
"1","botas","Bota texana bordada","$33.000","Bota texana bordada. Caña alta, bordado western, taco de madera.
Colores: Chocolate ($52.800), Blanco ($49.500), Negro ($49.500), Plata ($33.000).
Talles: del 35 al 40.
✅ Envíos a todo el país o retiro en nuestro local de Ramos Mejía.
✅ 5% OFF pagando con transferencia. Tarjeta y Mercado Pago.
🛒 Comprá online en nacireinacalzados.com","botas mujer, botas texanas, botas de moda, botas cuero, botas cortas, botinetas, calzado mujer, botas invierno, botas taco, botas western, botas chocolate, botas blanco, botas negro, botas plata, Ramos Mejía, La Matanza, Nací Reina, envíos a todo el país, calzado nacional, talles 35 al 40","https://nacireinacalzados.com/fotos/bota-texana-bordada-marron.jpg https://nacireinacalzados.com/fotos/bota-texana-bordada-blanca.webp https://nacireinacalzados.com/fotos/bota-texana-bordada-negra.jpg https://nacireinacalzados.com/fotos/bota-texana-bordada-plata.jpg"
"2","botas","Bota texana corta","$30.800","Bota texana corta. Caña corta, cierre lateral, puntera bordada.
Colores: Suela, Marrón, Negro, Blanco.
Talles: del 35 al 40.
✅ Envíos a todo el país o retiro en nuestro local de Ramos Mejía.
✅ 5% OFF pagando con transferencia. Tarjeta y Mercado Pago.
🛒 Comprá online en nacireinacalzados.com","botas mujer, botas texanas, botas de moda, botas cuero, botas cortas, botinetas, calzado mujer, botas invierno, botas taco, botas western, botas suela, botas marrón, botas negro, botas blanco, Ramos Mejía, La Matanza, Nací Reina, envíos a todo el país, calzado nacional, talles 35 al 40","https://nacireinacalzados.com/fotos/bota-texana-corta-marron.webp https://nacireinacalzados.com/fotos/bota-texana-punta-cuadrada-marron.jpg https://nacireinacalzados.com/fotos/bota-texana-corta-negra.jpg https://nacireinacalzados.com/fotos/bota-texana-corta-blanca.jpg"
"14","botas","Bota texana con tachas","$49.500","Bota texana con tachas. Tachas doradas y plateadas, cierre lateral.
Colores: Blanco, Negro.
Talles: del 35 al 40.
✅ Envíos a todo el país o retiro en nuestro local de Ramos Mejía.
✅ 5% OFF pagando con transferencia. Tarjeta y Mercado Pago.
🛒 Comprá online en nacireinacalzados.com","botas mujer, botas texanas, botas de moda, botas cuero, botas cortas, botinetas, calzado mujer, botas invierno, botas taco, botas western, botas blanco, botas negro, Ramos Mejía, La Matanza, Nací Reina, envíos a todo el país, calzado nacional, talles 35 al 40, texana, tachas","https://nacireinacalzados.com/fotos/bota-texana-tachas-blanca.jpg https://nacireinacalzados.com/fotos/bota-texana-tachas-negra.jpg"
"9","botas","Bota corta con tachas","$33.000","Bota corta con tachas. Elásticos laterales, tachas, taco de madera.
Colores: Marrón, Negro.
Talles: del 35 al 40.
✅ Envíos a todo el país o retiro en nuestro local de Ramos Mejía.
✅ 5% OFF pagando con transferencia. Tarjeta y Mercado Pago.
🛒 Comprá online en nacireinacalzados.com","botas mujer, botas texanas, botas de moda, botas cuero, botas cortas, botinetas, calzado mujer, botas invierno, botas taco, botas western, botas marrón, botas negro, Ramos Mejía, La Matanza, Nací Reina, envíos a todo el país, calzado nacional, talles 35 al 40, corta, tachas","https://nacireinacalzados.com/fotos/bota-corta-tachas-marron.jpg https://nacireinacalzados.com/fotos/bota-corta-tachas-negra.jpg"
"3","botas","Bota texana con flecos","$60.500","Bota texana con flecos. Gamuza, flecos laterales y tachas.
Colores: Marrón, Negro.
Talles: del 35 al 40.
✅ Envíos a todo el país o retiro en nuestro local de Ramos Mejía.
✅ 5% OFF pagando con transferencia. Tarjeta y Mercado Pago.
🛒 Comprá online en nacireinacalzados.com","botas mujer, botas texanas, botas de moda, botas cuero, botas cortas, botinetas, calzado mujer, botas invierno, botas taco, botas western, botas marrón, botas negro, Ramos Mejía, La Matanza, Nací Reina, envíos a todo el país, calzado nacional, talles 35 al 40, texana, flecos","https://nacireinacalzados.com/fotos/bota-flecos-tachas-marron.jpg https://nacireinacalzados.com/fotos/bota-flecos-tachas-negra.jpg"
"12","botas","Bota caña alta con flecos","$55.000","Bota caña alta con flecos. Caña fruncida, tiras con argollas, punta fina.
Colores: Negro, Blanco.
Talles: del 35 al 40.
✅ Envíos a todo el país o retiro en nuestro local de Ramos Mejía.
✅ 5% OFF pagando con transferencia. Tarjeta y Mercado Pago.
🛒 Comprá online en nacireinacalzados.com","botas mujer, botas texanas, botas de moda, botas cuero, botas cortas, botinetas, calzado mujer, botas invierno, botas taco, botas western, botas negro, botas blanco, Ramos Mejía, La Matanza, Nací Reina, envíos a todo el país, calzado nacional, talles 35 al 40, flecos, calzado de moda","https://nacireinacalzados.com/fotos/bota-cana-alta-flecos-negra.webp https://nacireinacalzados.com/fotos/bota-cana-alta-flecos-blanca.jpg"
"4","botas","Bota caña fruncida","$44.000","Bota caña fruncida. Caña ancha fruncida, punta fina, taco bajo.
Colores: Blanco, Negro, Bordó, Camel.
Talles: del 35 al 40.
✅ Envíos a todo el país o retiro en nuestro local de Ramos Mejía.
✅ 5% OFF pagando con transferencia. Tarjeta y Mercado Pago.
🛒 Comprá online en nacireinacalzados.com","botas mujer, botas texanas, botas de moda, botas cuero, botas cortas, botinetas, calzado mujer, botas invierno, botas taco, botas western, botas blanco, botas negro, botas bordó, botas camel, Ramos Mejía, La Matanza, Nací Reina, envíos a todo el país, calzado nacional, talles 35 al 40","https://nacireinacalzados.com/fotos/bota-fruncida-blanca.jpg https://nacireinacalzados.com/fotos/bota-fruncida-negra.jpg https://nacireinacalzados.com/fotos/bota-fruncida-bordo.jpg https://nacireinacalzados.com/fotos/bota-fruncida-camel.jpg"
"5","botas","Bota fruncida con hebillas","$44.000","Bota fruncida con hebillas. Caña fruncida, dos hebillas, taco chino.
Colores: Negro.
Talles: del 35 al 40.
✅ Envíos a todo el país o retiro en nuestro local de Ramos Mejía.
✅ 5% OFF pagando con transferencia. Tarjeta y Mercado Pago.
🛒 Comprá online en nacireinacalzados.com","botas mujer, botas texanas, botas de moda, botas cuero, botas cortas, botinetas, calzado mujer, botas invierno, botas taco, botas western, botas negro, Ramos Mejía, La Matanza, Nací Reina, envíos a todo el país, calzado nacional, talles 35 al 40, fruncida, hebillas, calzado de moda","https://nacireinacalzados.com/fotos/bota-hebillas-negra.jpg"
"6","zapatos","Zapato acordonado con tachas","$33.000","Zapato acordonado con tachas. Plataforma dentada, tachas plateadas.
Colores: Bordó, Negro.
Talles: del 35 al 40.
✅ Envíos a todo el país o retiro en nuestro local de Ramos Mejía.
✅ 5% OFF pagando con transferencia. Tarjeta y Mercado Pago.
🛒 Comprá online en nacireinacalzados.com","zapatos hombre, zapatos mujer, zapatos, mocasines, calzado mujer, zapatos de moda, zapatos cuero, zapatos comodos, zapatos punta, calzado elegante, zapatos casual, zapatos bordó, zapatos negro, Ramos Mejía, La Matanza, Nací Reina, envíos a todo el país, calzado nacional, talles 35 al 40, zapato","https://nacireinacalzados.com/fotos/zapato-acordonado-bordo.webp https://nacireinacalzados.com/fotos/zapato-acordonado-negro.jpg"
"7","zapatillas","Zapatillas retro de gamuza","$33.000","Zapatillas retro de gamuza. Gamuza, cordones anchos, suela de goma.
Colores: Verde, Negro.
Talles: del 35 al 44.
✅ Envíos a todo el país o retiro en nuestro local de Ramos Mejía.
✅ 5% OFF pagando con transferencia. Tarjeta y Mercado Pago.
🛒 Comprá online en nacireinacalzados.com","zapatillas unisex, zapatillas hombre, zapatillas mujer, zapatillas, zapatillas urbanas, zapatillas plataforma, sneakers, calzado mujer, zapatillas de moda, zapatillas blancas, zapatillas comodas, zapatillas cuero, zapatillas verde, zapatillas negro, Ramos Mejía, La Matanza, Nací Reina, envíos a todo el país, calzado nacional, talles 35 al 44","https://nacireinacalzados.com/fotos/zapatilla-campus-verde.webp https://nacireinacalzados.com/fotos/zapatilla-campus-negra.jpg"
"10","zapatillas","Zapatillas urbanas gamuza","$49.500","Zapatillas urbanas gamuza. Gamuza, cordones beige, suela caramelo.
Colores: Marrón.
Talles: del 35 al 44.
✅ Envíos a todo el país o retiro en nuestro local de Ramos Mejía.
✅ 5% OFF pagando con transferencia. Tarjeta y Mercado Pago.
🛒 Comprá online en nacireinacalzados.com","zapatillas unisex, zapatillas hombre, zapatillas mujer, zapatillas, zapatillas urbanas, zapatillas plataforma, sneakers, calzado mujer, zapatillas de moda, zapatillas blancas, zapatillas comodas, zapatillas cuero, zapatillas marrón, Ramos Mejía, La Matanza, Nací Reina, envíos a todo el país, calzado nacional, talles 35 al 44, urbanas","https://nacireinacalzados.com/undefined"
"16","sandalias","Sandalia plataforma Verona","$27.500","Sandalia plataforma Verona. Dos tiras anchas, lisas o con tachas, hebilla al tobillo y base alta.
Colores: Negro liso ($27.500), Negro con tachas ($28.600).
Talles: del 35 al 40.
✅ Envíos a todo el país o retiro en nuestro local de Ramos Mejía.
✅ 5% OFF pagando con transferencia. Tarjeta y Mercado Pago.
🛒 Comprá online en nacireinacalzados.com","sandalias mujer, sandalias, sandalias plataforma, chinelas, sandalias verano, calzado mujer, sandalias de moda, sandalias taco, sandalias cuero, ojotas, sandalias negro liso, sandalias negro con tachas, Ramos Mejía, La Matanza, Nací Reina, envíos a todo el país, calzado nacional, talles 35 al 40, sandalia, plataforma","https://nacireinacalzados.com/fotos/sandalia-plataforma-lisa-negra.jpg https://nacireinacalzados.com/fotos/sandalia-plataforma-tachas-negra.jpg"
"17","suecos","Sueco con hebilla","$27.500","Sueco con hebilla. Tira con hebilla plateada, plantilla de corcho y base de goma. Nueva temporada.
Colores: Rafia marrón, Animal print, Negro, Suela, Print vaca, Rafia natural, Gamuza negra, Gamuza gris topo.
Talles: del 35 al 41.
✅ Envíos a todo el país o retiro en nuestro local de Ramos Mejía.
✅ 5% OFF pagando con transferencia. Tarjeta y Mercado Pago.
🛒 Comprá online en nacireinacalzados.com","suecos mujer, suecos, zuecos, suecos cuero, calzado mujer, suecos de moda, suecos gamuza, sandalias, calzado comodo, suecos plataforma, suecos rafia marrón, suecos animal print, suecos negro, suecos suela, suecos print vaca, suecos rafia natural, suecos gamuza negra, suecos gamuza gris topo, Ramos Mejía, La Matanza","https://nacireinacalzados.com/fotos/sueco-rafia-hebilla-marron.jpg https://nacireinacalzados.com/fotos/sueco-hebilla-animal-print.jpg https://nacireinacalzados.com/fotos/sueco-hebilla-negro.jpg https://nacireinacalzados.com/fotos/sueco-hebilla-suela.jpg https://nacireinacalzados.com/fotos/sueco-hebilla-vaca.jpg https://nacireinacalzados.com/fotos/sueco-hebilla-rafia-natural.jpg https://nacireinacalzados.com/fotos/sueco-hebilla-gamuza-negra.jpg https://nacireinacalzados.com/fotos/sueco-hebilla-gamuza-topo.jpg"
"18","sandalias","Sandalia de tiras cruzadas","$25.300","Sandalia de tiras cruzadas. Tiras anchas cruzadas, suela liviana.
Colores: Negro, Print vaca, Animal print.
Talles: del 35 al 40.
✅ Envíos a todo el país o retiro en nuestro local de Ramos Mejía.
✅ 5% OFF pagando con transferencia. Tarjeta y Mercado Pago.
🛒 Comprá online en nacireinacalzados.com","sandalias mujer, sandalias, sandalias plataforma, chinelas, sandalias verano, calzado mujer, sandalias de moda, sandalias taco, sandalias cuero, ojotas, sandalias negro, sandalias print vaca, sandalias animal print, Ramos Mejía, La Matanza, Nací Reina, envíos a todo el país, calzado nacional, talles 35 al 40, sandalia","https://nacireinacalzados.com/fotos/sandalia-tiras-cruzadas-negra.jpg https://nacireinacalzados.com/fotos/sandalia-tiras-cruzadas-vaca.jpg https://nacireinacalzados.com/fotos/sandalia-tiras-cruzadas-leopardo.jpg"
"21","sandalias","Sandalia con dos hebillas","$27.500","Sandalia con dos hebillas. Dos tiras con hebilla plateada, tira al dedo y base acolchada.
Colores: Negro.
Talles: del 35 al 40.
✅ Envíos a todo el país o retiro en nuestro local de Ramos Mejía.
✅ 5% OFF pagando con transferencia. Tarjeta y Mercado Pago.
🛒 Comprá online en nacireinacalzados.com","sandalias mujer, sandalias, sandalias plataforma, chinelas, sandalias verano, calzado mujer, sandalias de moda, sandalias taco, sandalias cuero, ojotas, sandalias negro, Ramos Mejía, La Matanza, Nací Reina, envíos a todo el país, calzado nacional, talles 35 al 40, sandalia, hebillas, calzado de moda","https://nacireinacalzados.com/fotos/sandalia-dos-hebillas-negra.jpg"
"22","sandalias","Sandalia con hebillas y tira al tobillo","$26.400","Sandalia con hebillas y tira al tobillo. Tiras anchas con hebilla, plantilla de gamuza y base de goma. Calza hasta el 41.
Colores: Negro, Visón.
Talles: del 35 al 41.
✅ Envíos a todo el país o retiro en nuestro local de Ramos Mejía.
✅ 5% OFF pagando con transferencia. Tarjeta y Mercado Pago.
🛒 Comprá online en nacireinacalzados.com","sandalias mujer, sandalias, sandalias plataforma, chinelas, sandalias verano, calzado mujer, sandalias de moda, sandalias taco, sandalias cuero, ojotas, sandalias negro, sandalias visón, Ramos Mejía, La Matanza, Nací Reina, envíos a todo el país, calzado nacional, talles 35 al 41, sandalia, hebillas","https://nacireinacalzados.com/fotos/sandalia-hebillas-negra.jpg https://nacireinacalzados.com/fotos/sandalia-hebillas-vison.jpg"
"23","sandalias","Sandalia de taco con plataforma","$30.800","Sandalia de taco con plataforma. Taco ancho, plataforma y pulsera al tobillo con hebilla.
Colores: Negro con ojalillos, Negro liso.
Talles: del 35 al 40.
✅ Envíos a todo el país o retiro en nuestro local de Ramos Mejía.
✅ 5% OFF pagando con transferencia. Tarjeta y Mercado Pago.
🛒 Comprá online en nacireinacalzados.com","sandalias mujer, sandalias, sandalias plataforma, chinelas, sandalias verano, calzado mujer, sandalias de moda, sandalias taco, sandalias cuero, ojotas, sandalias negro con ojalillos, sandalias negro liso, Ramos Mejía, La Matanza, Nací Reina, envíos a todo el país, calzado nacional, talles 35 al 40, sandalia, plataforma","https://nacireinacalzados.com/fotos/sandalia-taco-plataforma-ojalillos-negra.jpg https://nacireinacalzados.com/undefined"
"25","sandalias","Sandalia con tachas y anillo al dedo","$28.600","Sandalia con tachas y anillo al dedo. Tiras cruzadas con tachas, anillo al dedo, hebilla al tobillo y base alta.
Colores: Negro.
Talles: del 35 al 40.
✅ Envíos a todo el país o retiro en nuestro local de Ramos Mejía.
✅ 5% OFF pagando con transferencia. Tarjeta y Mercado Pago.
🛒 Comprá online en nacireinacalzados.com","sandalias mujer, sandalias, sandalias plataforma, chinelas, sandalias verano, calzado mujer, sandalias de moda, sandalias taco, sandalias cuero, ojotas, sandalias negro, Ramos Mejía, La Matanza, Nací Reina, envíos a todo el país, calzado nacional, talles 35 al 40, sandalia, tachas, anillo","https://nacireinacalzados.com/fotos/sandalia-tachas-dedo-negra.jpg"
"26","suecos","Sueco de gamuza con flecos","$27.500","Sueco de gamuza con flecos. Gamuza, flecos y borlas al frente, plantilla de corcho. Nueva temporada.
Colores: Chocolate.
Talles: del 35 al 41.
✅ Envíos a todo el país o retiro en nuestro local de Ramos Mejía.
✅ 5% OFF pagando con transferencia. Tarjeta y Mercado Pago.
🛒 Comprá online en nacireinacalzados.com","suecos mujer, suecos, zuecos, suecos cuero, calzado mujer, suecos de moda, suecos gamuza, sandalias, calzado comodo, suecos plataforma, suecos chocolate, Ramos Mejía, La Matanza, Nací Reina, envíos a todo el país, calzado nacional, talles 35 al 41, sueco, gamuza, flecos","https://nacireinacalzados.com/fotos/sueco-gamuza-flecos-marron.jpg"
"27","suecos","Sueco de gamuza con borlas","$27.500","Sueco de gamuza con borlas. Gamuza suave, tiras cruzadas con borlas y base de goma. Nueva temporada.
Colores: Gris perla.
Talles: del 35 al 41.
✅ Envíos a todo el país o retiro en nuestro local de Ramos Mejía.
✅ 5% OFF pagando con transferencia. Tarjeta y Mercado Pago.
🛒 Comprá online en nacireinacalzados.com","suecos mujer, suecos, zuecos, suecos cuero, calzado mujer, suecos de moda, suecos gamuza, sandalias, calzado comodo, suecos plataforma, suecos gris perla, Ramos Mejía, La Matanza, Nací Reina, envíos a todo el país, calzado nacional, talles 35 al 41, sueco, gamuza, borlas","https://nacireinacalzados.com/fotos/sueco-gamuza-borlas-gris.jpg"
"30","zapatillas","Zapatillas urbanas Vitto","$27.500","Zapatillas urbanas Vitto. Plataforma blanca con suela caramelo y detalles cosidos.
Colores: Blanco, Camel, Pastel (verde agua y celeste), Violeta y negro.
Talles: del 35 al 40.
✅ Envíos a todo el país o retiro en nuestro local de Ramos Mejía.
✅ 5% OFF pagando con transferencia. Tarjeta y Mercado Pago.
🛒 Comprá online en nacireinacalzados.com","zapatillas unisex, zapatillas hombre, zapatillas mujer, zapatillas, zapatillas urbanas, zapatillas plataforma, sneakers, calzado mujer, zapatillas de moda, zapatillas blancas, zapatillas comodas, zapatillas cuero, zapatillas blanco, zapatillas camel, zapatillas violeta y negro, Ramos Mejía, La Matanza, Nací Reina, envíos a todo el país, calzado nacional","https://nacireinacalzados.com/fotos/zapatilla-vitto-blanca.jpg https://nacireinacalzados.com/fotos/zapatilla-vitto-camel.jpg https://nacireinacalzados.com/fotos/zapatilla-vitto-pastel.jpg https://nacireinacalzados.com/fotos/zapatilla-vitto-violeta.jpg"
"31","zapatillas","Zapatillas retro Reina","$26.400","Zapatillas retro Reina. Tiras al costado y suela caramelo. Damas del 35 al 41, hombre del 39 al 44.
Colores: Negro, Blanco y negro, Blanco y gris, Marrón.
Talles: del 35 al 44.
✅ Envíos a todo el país o retiro en nuestro local de Ramos Mejía.
✅ 5% OFF pagando con transferencia. Tarjeta y Mercado Pago.
🛒 Comprá online en nacireinacalzados.com","zapatillas unisex, zapatillas hombre, zapatillas mujer, zapatillas, zapatillas urbanas, zapatillas plataforma, sneakers, calzado mujer, zapatillas de moda, zapatillas blancas, zapatillas comodas, zapatillas cuero, zapatillas negro, zapatillas blanco y negro, zapatillas blanco y gris, zapatillas marrón, Ramos Mejía, La Matanza, Nací Reina, envíos a todo el país","https://nacireinacalzados.com/fotos/zapatilla-retro-negro.jpg https://nacireinacalzados.com/fotos/zapatilla-retro-blanconegro.jpg https://nacireinacalzados.com/fotos/zapatilla-retro-blancogris.jpg https://nacireinacalzados.com/fotos/zapatilla-retro-marron.jpg"
"35","sandalias","Sandalia con aplique metálico","$28.600","Sandalia con aplique metálico. Tiras cruzadas, anillo al dedo con aplique metálico y doble pulsera con hebilla.
Colores: Negro.
Talles: del 35 al 40.
✅ Envíos a todo el país o retiro en nuestro local de Ramos Mejía.
✅ 5% OFF pagando con transferencia. Tarjeta y Mercado Pago.
🛒 Comprá online en nacireinacalzados.com","sandalias mujer, sandalias, sandalias plataforma, chinelas, sandalias verano, calzado mujer, sandalias de moda, sandalias taco, sandalias cuero, ojotas, sandalias negro, Ramos Mejía, La Matanza, Nací Reina, envíos a todo el país, calzado nacional, talles 35 al 40, sandalia, aplique, metálico","https://nacireinacalzados.com/fotos/sandalia-india-apliques-negra.jpg"
"37","zapatillas","Zapatillas botita con estrella","$28.600","Zapatillas botita con estrella. Caña alta de gamuza, estrella al costado y suela blanca.
Colores: Negro, Animal print con estrella dorada.
Talles: del 35 al 41.
✅ Envíos a todo el país o retiro en nuestro local de Ramos Mejía.
✅ 5% OFF pagando con transferencia. Tarjeta y Mercado Pago.
🛒 Comprá online en nacireinacalzados.com","zapatillas unisex, zapatillas hombre, zapatillas mujer, zapatillas, zapatillas urbanas, zapatillas plataforma, sneakers, calzado mujer, zapatillas de moda, zapatillas blancas, zapatillas comodas, zapatillas cuero, zapatillas negro, Ramos Mejía, La Matanza, Nací Reina, envíos a todo el país, calzado nacional, talles 35 al 41, botita","https://nacireinacalzados.com/fotos/zapatilla-botita-estrella-negra.jpg https://nacireinacalzados.com/fotos/zapatilla-botita-estrella-animal-print.jpg"
"42","zapatillas","Zapatillas con animal print y tachas","$28.600","Zapatillas con animal print y tachas. Detalles animal print, tachas plateadas y plataforma blanca.
Colores: Negro y animal print, Suela y animal print.
Talles: del 35 al 40.
✅ Envíos a todo el país o retiro en nuestro local de Ramos Mejía.
✅ 5% OFF pagando con transferencia. Tarjeta y Mercado Pago.
🛒 Comprá online en nacireinacalzados.com","zapatillas unisex, zapatillas hombre, zapatillas mujer, zapatillas, zapatillas urbanas, zapatillas plataforma, sneakers, calzado mujer, zapatillas de moda, zapatillas blancas, zapatillas comodas, zapatillas cuero, Ramos Mejía, La Matanza, Nací Reina, envíos a todo el país, calzado nacional, talles 35 al 40, animal, print","https://nacireinacalzados.com/fotos/zapatilla-vicky-animal-print.jpg https://nacireinacalzados.com/fotos/zapatilla-vicky-suela.jpg"
"49","zapatillas","Zapatillas animal print con puntera","$26.400","Zapatillas animal print con puntera. Animal print con puntera y talón negros, suela caramelo.
Colores: Animal print y negro.
Talles: del 35 al 40.
✅ Envíos a todo el país o retiro en nuestro local de Ramos Mejía.
✅ 5% OFF pagando con transferencia. Tarjeta y Mercado Pago.
🛒 Comprá online en nacireinacalzados.com","zapatillas unisex, zapatillas hombre, zapatillas mujer, zapatillas, zapatillas urbanas, zapatillas plataforma, sneakers, calzado mujer, zapatillas de moda, zapatillas blancas, zapatillas comodas, zapatillas cuero, Ramos Mejía, La Matanza, Nací Reina, envíos a todo el país, calzado nacional, talles 35 al 40, animal, print","https://nacireinacalzados.com/fotos/zapatilla-print-puntera-negra.jpg"
"51","sandalias","Sandalia India con doble pulsera","$28.600","Sandalia India con doble pulsera. Tiras cruzadas, anillo al dedo y doble pulsera al tobillo con hebillas.
Colores: Negro, Dorado.
Talles: del 35 al 40.
✅ Envíos a todo el país o retiro en nuestro local de Ramos Mejía.
✅ 5% OFF pagando con transferencia. Tarjeta y Mercado Pago.
🛒 Comprá online en nacireinacalzados.com","sandalias mujer, sandalias, sandalias plataforma, chinelas, sandalias verano, calzado mujer, sandalias de moda, sandalias taco, sandalias cuero, ojotas, sandalias negro, sandalias dorado, Ramos Mejía, La Matanza, Nací Reina, envíos a todo el país, calzado nacional, talles 35 al 40, sandalia, india","https://nacireinacalzados.com/fotos/sandalia-india-negra.jpg https://nacireinacalzados.com/fotos/sandalia-india-dorada.jpg"
"52","sandalias","Sandalia gomón con ojalillos","$27.500","Sandalia gomón con ojalillos. Dos tiras con ojalillos y hebillas plateadas sobre base alta.
Colores: Negro.
Talles: del 35 al 40.
✅ Envíos a todo el país o retiro en nuestro local de Ramos Mejía.
✅ 5% OFF pagando con transferencia. Tarjeta y Mercado Pago.
🛒 Comprá online en nacireinacalzados.com","sandalias mujer, sandalias, sandalias plataforma, chinelas, sandalias verano, calzado mujer, sandalias de moda, sandalias taco, sandalias cuero, ojotas, sandalias negro, Ramos Mejía, La Matanza, Nací Reina, envíos a todo el país, calzado nacional, talles 35 al 40, sandalia, gomón, ojalillos","https://nacireinacalzados.com/fotos/chinela-plataforma-ojalillos-negra.jpg"
"53","sandalias","Sandalia con strass y anillo al dedo","$27.500","Sandalia con strass y anillo al dedo. Tiras con strass brillante, anillo al dedo y base con estrella.
Colores: Negro.
Talles: del 35 al 40.
✅ Envíos a todo el país o retiro en nuestro local de Ramos Mejía.
✅ 5% OFF pagando con transferencia. Tarjeta y Mercado Pago.
🛒 Comprá online en nacireinacalzados.com","sandalias mujer, sandalias, sandalias plataforma, chinelas, sandalias verano, calzado mujer, sandalias de moda, sandalias taco, sandalias cuero, ojotas, sandalias negro, Ramos Mejía, La Matanza, Nací Reina, envíos a todo el país, calzado nacional, talles 35 al 40, sandalia, strass, anillo","https://nacireinacalzados.com/fotos/chinela-strass-negra.jpg"
"54","sandalias","Sandalia gomón con dos hebillas","$26.400","Sandalia gomón con dos hebillas. Dos tiras anchas con hebillas plateadas y plantilla anatómica.
Colores: Negro.
Talles: del 35 al 40.
✅ Envíos a todo el país o retiro en nuestro local de Ramos Mejía.
✅ 5% OFF pagando con transferencia. Tarjeta y Mercado Pago.
🛒 Comprá online en nacireinacalzados.com","sandalias mujer, sandalias, sandalias plataforma, chinelas, sandalias verano, calzado mujer, sandalias de moda, sandalias taco, sandalias cuero, ojotas, sandalias negro, Ramos Mejía, La Matanza, Nací Reina, envíos a todo el país, calzado nacional, talles 35 al 40, sandalia, gomón, hebillas","https://nacireinacalzados.com/fotos/chinela-birk-negra.jpg"
"55","sandalias","Sandalia gomón con tachas cruzadas","$29.700","Sandalia gomón con tachas cruzadas. Tiras cruzadas con tachas y hebillas grandes, base alta dentada.
Colores: Negro.
Talles: del 35 al 40.
✅ Envíos a todo el país o retiro en nuestro local de Ramos Mejía.
✅ 5% OFF pagando con transferencia. Tarjeta y Mercado Pago.
🛒 Comprá online en nacireinacalzados.com","sandalias mujer, sandalias, sandalias plataforma, chinelas, sandalias verano, calzado mujer, sandalias de moda, sandalias taco, sandalias cuero, ojotas, sandalias negro, Ramos Mejía, La Matanza, Nací Reina, envíos a todo el país, calzado nacional, talles 35 al 40, sandalia, gomón, tachas","https://nacireinacalzados.com/fotos/chinela-plataforma-tachas-negra.jpg"
"57","zapatillas","Zapatillas metalizadas con estrella","$27.500","Zapatillas metalizadas con estrella. Cuero blanco y negro con detalles metalizados, estrella al costado y base alta.
Colores: Oro, Plata, Oro, suela y negro, Fucsia y animal print.
Talles: del 35 al 40.
✅ Envíos a todo el país o retiro en nuestro local de Ramos Mejía.
✅ 5% OFF pagando con transferencia. Tarjeta y Mercado Pago.
🛒 Comprá online en nacireinacalzados.com","zapatillas unisex, zapatillas hombre, zapatillas mujer, zapatillas, zapatillas urbanas, zapatillas plataforma, sneakers, calzado mujer, zapatillas de moda, zapatillas blancas, zapatillas comodas, zapatillas cuero, zapatillas oro, zapatillas plata, zapatillas oro, suela y negro, Ramos Mejía, La Matanza, Nací Reina, envíos a todo el país, calzado nacional","https://nacireinacalzados.com/fotos/zapatilla-ricky-oro.jpg https://nacireinacalzados.com/fotos/zapatilla-ricky-plata.jpg https://nacireinacalzados.com/fotos/zapatilla-ricky-texa.jpg https://nacireinacalzados.com/fotos/zapatilla-ricky-fucsia.jpg"
"59","zapatillas","Zapatillas blancas con estrella","$27.500","Zapatillas blancas con estrella. Blancas con estrella y talón de color, plataforma blanca. Varios colores.
Colores: Dorado, Fucsia, Verde, Negro.
Talles: del 35 al 40.
✅ Envíos a todo el país o retiro en nuestro local de Ramos Mejía.
✅ 5% OFF pagando con transferencia. Tarjeta y Mercado Pago.
🛒 Comprá online en nacireinacalzados.com","zapatillas unisex, zapatillas hombre, zapatillas mujer, zapatillas, zapatillas urbanas, zapatillas plataforma, sneakers, calzado mujer, zapatillas de moda, zapatillas blancas, zapatillas comodas, zapatillas cuero, zapatillas dorado, zapatillas fucsia, zapatillas verde, zapatillas negro, Ramos Mejía, La Matanza, Nací Reina, envíos a todo el país","https://nacireinacalzados.com/fotos/zapatilla-paris-dorada.jpg https://nacireinacalzados.com/fotos/zapatilla-paris-fucsia.jpg https://nacireinacalzados.com/fotos/zapatilla-paris-verde.jpg https://nacireinacalzados.com/fotos/zapatilla-paris-negra.jpg"
"60","zapatillas","Zapatillas blancas lisas","$27.500","Zapatillas blancas lisas. Blancas, lisas, con base alta y suela caramelo. Combinan con todo.
Colores: Blanco.
Talles: del 35 al 40.
✅ Envíos a todo el país o retiro en nuestro local de Ramos Mejía.
✅ 5% OFF pagando con transferencia. Tarjeta y Mercado Pago.
🛒 Comprá online en nacireinacalzados.com","zapatillas unisex, zapatillas hombre, zapatillas mujer, zapatillas, zapatillas urbanas, zapatillas plataforma, sneakers, calzado mujer, zapatillas de moda, zapatillas blancas, zapatillas comodas, zapatillas cuero, zapatillas blanco, Ramos Mejía, La Matanza, Nací Reina, envíos a todo el país, calzado nacional, talles 35 al 40, blancas","https://nacireinacalzados.com/fotos/zapatilla-lore-blanca.jpg"
"61","zapatillas","Zapatillas con franja metalizada","$27.500","Zapatillas con franja metalizada. Detalles de gamuza, franja metalizada o charolada al costado y base alta.
Colores: Blanco, camel y oro, Blanco, camel y rosé, Negro.
Talles: del 35 al 40.
✅ Envíos a todo el país o retiro en nuestro local de Ramos Mejía.
✅ 5% OFF pagando con transferencia. Tarjeta y Mercado Pago.
🛒 Comprá online en nacireinacalzados.com","zapatillas unisex, zapatillas hombre, zapatillas mujer, zapatillas, zapatillas urbanas, zapatillas plataforma, sneakers, calzado mujer, zapatillas de moda, zapatillas blancas, zapatillas comodas, zapatillas cuero, zapatillas blanco, camel y oro, zapatillas negro, Ramos Mejía, La Matanza, Nací Reina, envíos a todo el país, calzado nacional, talles 35 al 40","https://nacireinacalzados.com/fotos/zapatilla-katy-oro.jpg https://nacireinacalzados.com/fotos/zapatilla-katy-rose.jpg https://nacireinacalzados.com/fotos/zapatilla-katy-negra.jpg"
"62","zapatillas","Zapatillas con tachas en V","$27.500","Zapatillas con tachas en V. Lisas con tachas plateadas en V al costado y base alta.
Colores: Negro, Blanco.
Talles: del 35 al 40.
✅ Envíos a todo el país o retiro en nuestro local de Ramos Mejía.
✅ 5% OFF pagando con transferencia. Tarjeta y Mercado Pago.
🛒 Comprá online en nacireinacalzados.com","zapatillas unisex, zapatillas hombre, zapatillas mujer, zapatillas, zapatillas urbanas, zapatillas plataforma, sneakers, calzado mujer, zapatillas de moda, zapatillas blancas, zapatillas comodas, zapatillas cuero, zapatillas negro, zapatillas blanco, Ramos Mejía, La Matanza, Nací Reina, envíos a todo el país, calzado nacional, talles 35 al 40","https://nacireinacalzados.com/fotos/zapatilla-romi-negra.jpg https://nacireinacalzados.com/fotos/zapatilla-romi-blanca.jpg"
"63","zapatillas","Zapatillas pastel con rayo","$27.500","Zapatillas pastel con rayo. Colores pastel con detalles metalizados, rayo al costado y cordones zigzag.
Colores: Pastel.
Talles: del 35 al 40.
✅ Envíos a todo el país o retiro en nuestro local de Ramos Mejía.
✅ 5% OFF pagando con transferencia. Tarjeta y Mercado Pago.
🛒 Comprá online en nacireinacalzados.com","zapatillas unisex, zapatillas hombre, zapatillas mujer, zapatillas, zapatillas urbanas, zapatillas plataforma, sneakers, calzado mujer, zapatillas de moda, zapatillas blancas, zapatillas comodas, zapatillas cuero, zapatillas pastel, Ramos Mejía, La Matanza, Nací Reina, envíos a todo el país, calzado nacional, talles 35 al 40, pastel","https://nacireinacalzados.com/fotos/zapatilla-rayo-pastel.jpg"
"65","zapatillas","Zapatillas chunky Italia","$28.600","Zapatillas chunky Italia. Estilo deportivo con suela gruesa de diseño y cordones.
Colores: Blanco, Negro con cordones zigzag.
Talles: del 35 al 40.
✅ Envíos a todo el país o retiro en nuestro local de Ramos Mejía.
✅ 5% OFF pagando con transferencia. Tarjeta y Mercado Pago.
🛒 Comprá online en nacireinacalzados.com","zapatillas unisex, zapatillas hombre, zapatillas mujer, zapatillas, zapatillas urbanas, zapatillas plataforma, sneakers, calzado mujer, zapatillas de moda, zapatillas blancas, zapatillas comodas, zapatillas cuero, zapatillas blanco, Ramos Mejía, La Matanza, Nací Reina, envíos a todo el país, calzado nacional, talles 35 al 40, chunky","https://nacireinacalzados.com/fotos/zapatilla-italia-blanca.jpg https://nacireinacalzados.com/fotos/zapatilla-italia-negra.jpg"
"66","zapatillas","Zapatillas negras gamuza y charol","$27.500","Zapatillas negras gamuza y charol. Combinan cuero, gamuza y charol, con base alta blanca.
Colores: Negro.
Talles: del 35 al 40.
✅ Envíos a todo el país o retiro en nuestro local de Ramos Mejía.
✅ 5% OFF pagando con transferencia. Tarjeta y Mercado Pago.
🛒 Comprá online en nacireinacalzados.com","zapatillas unisex, zapatillas hombre, zapatillas mujer, zapatillas, zapatillas urbanas, zapatillas plataforma, sneakers, calzado mujer, zapatillas de moda, zapatillas blancas, zapatillas comodas, zapatillas cuero, zapatillas negro, Ramos Mejía, La Matanza, Nací Reina, envíos a todo el país, calzado nacional, talles 35 al 40, negras","https://nacireinacalzados.com/fotos/zapatilla-aldi-negra.jpg"
"67","zapatillas","Zapatillas Moscú con detalle metalizado","$27.500","Zapatillas Moscú con detalle metalizado. Perforados en la puntera, borde metalizado y base alta con suela caramelo.
Colores: Blanco y oro, Blanco y plata, Camel y oro.
Talles: del 35 al 40.
✅ Envíos a todo el país o retiro en nuestro local de Ramos Mejía.
✅ 5% OFF pagando con transferencia. Tarjeta y Mercado Pago.
🛒 Comprá online en nacireinacalzados.com","zapatillas unisex, zapatillas hombre, zapatillas mujer, zapatillas, zapatillas urbanas, zapatillas plataforma, sneakers, calzado mujer, zapatillas de moda, zapatillas blancas, zapatillas comodas, zapatillas cuero, zapatillas blanco y oro, zapatillas blanco y plata, zapatillas camel y oro, Ramos Mejía, La Matanza, Nací Reina, envíos a todo el país, calzado nacional","https://nacireinacalzados.com/fotos/zapatilla-moscu-blanca-oro.jpg https://nacireinacalzados.com/fotos/zapatilla-moscu-blanca-plata.jpg https://nacireinacalzados.com/fotos/zapatilla-moscu-camel.jpg"
"69","zapatillas","Zapatillas animal print","Consultar","Zapatillas animal print. Animal print, talón naranja y suela de goma caramelo.
Colores: Leopardo.
Talles: del 35 al 40.
✅ Envíos a todo el país o retiro en nuestro local de Ramos Mejía.
✅ 5% OFF pagando con transferencia. Tarjeta y Mercado Pago.
🛒 Comprá online en nacireinacalzados.com","zapatillas unisex, zapatillas hombre, zapatillas mujer, zapatillas, zapatillas urbanas, zapatillas plataforma, sneakers, calzado mujer, zapatillas de moda, zapatillas blancas, zapatillas comodas, zapatillas cuero, zapatillas leopardo, Ramos Mejía, La Matanza, Nací Reina, envíos a todo el país, calzado nacional, talles 35 al 40, animal","https://nacireinacalzados.com/fotos/zapatilla-leopardo-clasica.jpg"
"70","zapatillas","Zapatillas animal print con plataforma","Consultar","Zapatillas animal print con plataforma. Animal print, talón naranja y plataforma con textura de yute.
Colores: Leopardo.
Talles: del 35 al 40.
✅ Envíos a todo el país o retiro en nuestro local de Ramos Mejía.
✅ 5% OFF pagando con transferencia. Tarjeta y Mercado Pago.
🛒 Comprá online en nacireinacalzados.com","zapatillas unisex, zapatillas hombre, zapatillas mujer, zapatillas, zapatillas urbanas, zapatillas plataforma, sneakers, calzado mujer, zapatillas de moda, zapatillas blancas, zapatillas comodas, zapatillas cuero, zapatillas leopardo, Ramos Mejía, La Matanza, Nací Reina, envíos a todo el país, calzado nacional, talles 35 al 40, animal","https://nacireinacalzados.com/fotos/zapatilla-leopardo-plataforma.jpg"
"71","zapatos","Zapatos Panchas","Consultar","Zapatos Panchas. Sin cordones, fáciles de calzar, con elásticos a los costados y suela blanca liviana.
Colores: Suela, Negro, Negro gamuza.
Talles: del 40 al 44.
✅ Envíos a todo el país o retiro en nuestro local de Ramos Mejía.
✅ 5% OFF pagando con transferencia. Tarjeta y Mercado Pago.
🛒 Comprá online en nacireinacalzados.com","zapatos hombre, zapatos mujer, zapatos, mocasines, calzado mujer, zapatos de moda, zapatos cuero, zapatos comodos, zapatos punta, calzado elegante, zapatos casual, zapatos suela, zapatos negro, zapatos negro gamuza, Ramos Mejía, La Matanza, Nací Reina, envíos a todo el país, calzado nacional, talles 40 al 44","https://nacireinacalzados.com/fotos/pancha-suela.jpg https://nacireinacalzados.com/fotos/pancha-negro.jpg https://nacireinacalzados.com/fotos/pancha-negro-gamuza.jpg"
"72","zapatillas","Zapatillas Falcon","$63.800","Zapatillas Falcon. Urbanas de cuero, cordones y suela de goma cosida.
Colores: Negro con suela camel, Negro con suela negra, Marrón, Blanco.
Talles: del 39 al 45.
✅ Envíos a todo el país o retiro en nuestro local de Ramos Mejía.
✅ 5% OFF pagando con transferencia. Tarjeta y Mercado Pago.
🛒 Comprá online en nacireinacalzados.com","zapatillas unisex, zapatillas hombre, zapatillas mujer, zapatillas, zapatillas urbanas, zapatillas plataforma, sneakers, calzado mujer, zapatillas de moda, zapatillas blancas, zapatillas comodas, zapatillas cuero, zapatillas marrón, zapatillas blanco, Ramos Mejía, La Matanza, Nací Reina, envíos a todo el país, calzado nacional, talles 39 al 45","https://nacireinacalzados.com/fotos/zapatilla-falcon-negro-camel.jpg https://nacireinacalzados.com/fotos/zapatilla-falcon-negro-negro.jpg https://nacireinacalzados.com/fotos/zapatilla-falcon-chocolate.jpg https://nacireinacalzados.com/fotos/zapatilla-falcon-blanco.jpg"
"73","suecos","Sueco de gamuza con hebilla","$24.200","Sueco de gamuza con hebilla. Gamuza, tira con hebilla metálica, plantilla de corcho y base de goma.
Colores: Crudo.
Talles: del 35 al 40.
✅ Envíos a todo el país o retiro en nuestro local de Ramos Mejía.
✅ 5% OFF pagando con transferencia. Tarjeta y Mercado Pago.
🛒 Comprá online en nacireinacalzados.com","suecos mujer, suecos, zuecos, suecos cuero, calzado mujer, suecos de moda, suecos gamuza, sandalias, calzado comodo, suecos plataforma, suecos crudo, Ramos Mejía, La Matanza, Nací Reina, envíos a todo el país, calzado nacional, talles 35 al 40, sueco, gamuza, hebilla","https://nacireinacalzados.com/fotos/sueco-gamuza-hebilla-crudo.jpg"
"74","borcegos","Borcego acordonado con cuello acolchado","$33.000","Borcego acordonado con cuello acolchado. Gamuzado, cuello acolchado negro, ojalillos metálicos y base dentada con taco.
Colores: Camel.
Talles: del 35 al 40.
✅ Envíos a todo el país o retiro en nuestro local de Ramos Mejía.
✅ 5% OFF pagando con transferencia. Tarjeta y Mercado Pago.
🛒 Comprá online en nacireinacalzados.com","borcegos mujer, borcegos, botas borcego, borcego plataforma, calzado mujer, borcegos de moda, borcego negro, botas invierno, borcego cuero, borcego cordones, borcegos camel, Ramos Mejía, La Matanza, Nací Reina, envíos a todo el país, calzado nacional, talles 35 al 40, borcego, acordonado, cuello","https://nacireinacalzados.com/fotos/borcego-acolchado-camel.jpg"
"75","zapatos","Zapato punta fina con hebillas y tachas","$44.000","Zapato punta fina con hebillas y tachas. Dos tiras con hebilla y tachas piramidales, punta fina y taco bajo.
Colores: Suela, Negro.
Talles: del 35 al 40.
✅ Envíos a todo el país o retiro en nuestro local de Ramos Mejía.
✅ 5% OFF pagando con transferencia. Tarjeta y Mercado Pago.
🛒 Comprá online en nacireinacalzados.com","zapatos hombre, zapatos mujer, zapatos, mocasines, calzado mujer, zapatos de moda, zapatos cuero, zapatos comodos, zapatos punta, calzado elegante, zapatos casual, zapatos suela, zapatos negro, Ramos Mejía, La Matanza, Nací Reina, envíos a todo el país, calzado nacional, talles 35 al 40, zapato","https://nacireinacalzados.com/fotos/zapato-hebillas-tachas-suela.jpg https://nacireinacalzados.com/fotos/zapato-hebillas-negro.jpg"
"77","borcegos","Borcego con plataforma dentada","$33.000","Borcego con plataforma dentada. Acordonado, cuello acolchado, ojalillos metálicos y plataforma dentada alta.
Colores: Negro.
Talles: del 35 al 40.
✅ Envíos a todo el país o retiro en nuestro local de Ramos Mejía.
✅ 5% OFF pagando con transferencia. Tarjeta y Mercado Pago.
🛒 Comprá online en nacireinacalzados.com","borcegos mujer, borcegos, botas borcego, borcego plataforma, calzado mujer, borcegos de moda, borcego negro, botas invierno, borcego cuero, borcego cordones, borcegos negro, Ramos Mejía, La Matanza, Nací Reina, envíos a todo el país, calzado nacional, talles 35 al 40, borcego, plataforma, dentada","https://nacireinacalzados.com/fotos/borcego-plataforma-negro.jpg"
"78","sandalias","Sandalia de taco bajo con faja ancha","$33.000","Sandalia de taco bajo con faja ancha. Faja ancha al frente, pulsera al tobillo con hebilla y taco cuadrado bajo.
Colores: Negro.
Talles: del 35 al 40.
✅ Envíos a todo el país o retiro en nuestro local de Ramos Mejía.
✅ 5% OFF pagando con transferencia. Tarjeta y Mercado Pago.
🛒 Comprá online en nacireinacalzados.com","sandalias mujer, sandalias, sandalias plataforma, chinelas, sandalias verano, calzado mujer, sandalias de moda, sandalias taco, sandalias cuero, ojotas, sandalias negro, Ramos Mejía, La Matanza, Nací Reina, envíos a todo el país, calzado nacional, talles 35 al 40, sandalia, ancha, calzado de moda","https://nacireinacalzados.com/fotos/sandalia-taco-faja-negra.jpg"
"79","sandalias","Sandalia de taco bajo con tiras cruzadas","$33.000","Sandalia de taco bajo con tiras cruzadas. Dos tiras anchas cruzadas, pulsera al tobillo con hebilla y taco cuadrado bajo.
Colores: Negro.
Talles: del 35 al 40.
✅ Envíos a todo el país o retiro en nuestro local de Ramos Mejía.
✅ 5% OFF pagando con transferencia. Tarjeta y Mercado Pago.
🛒 Comprá online en nacireinacalzados.com","sandalias mujer, sandalias, sandalias plataforma, chinelas, sandalias verano, calzado mujer, sandalias de moda, sandalias taco, sandalias cuero, ojotas, sandalias negro, Ramos Mejía, La Matanza, Nací Reina, envíos a todo el país, calzado nacional, talles 35 al 40, sandalia, tiras, cruzadas","https://nacireinacalzados.com/fotos/sandalia-taco-cruzada-negra.jpg"
"80","suecos","Suecos Diana","$33.000","Suecos Diana. De cuero gamuzado, con faja de cuero liso al frente, plantilla de corcho y base de goma.
Colores: Negro, Chocolate.
Talles: del 35 al 40.
✅ Envíos a todo el país o retiro en nuestro local de Ramos Mejía.
✅ 5% OFF pagando con transferencia. Tarjeta y Mercado Pago.
🛒 Comprá online en nacireinacalzados.com","suecos mujer, suecos, zuecos, suecos cuero, calzado mujer, suecos de moda, suecos gamuza, sandalias, calzado comodo, suecos plataforma, suecos negro, suecos chocolate, Ramos Mejía, La Matanza, Nací Reina, envíos a todo el país, calzado nacional, talles 35 al 40, diana, calzado de moda","https://nacireinacalzados.com/fotos/sueco-diana-negro.jpg https://nacireinacalzados.com/fotos/sueco-diana-chocolate.jpg"
"81","suecos","Suecos Petty","$33.000","Suecos Petty. De cuero, con tira y hebilla metálica, calado lateral, plantilla de corcho y base de goma.
Colores: Negro, Oro, Bison, Rosa.
Talles: del 35 al 40.
✅ Envíos a todo el país o retiro en nuestro local de Ramos Mejía.
✅ 5% OFF pagando con transferencia. Tarjeta y Mercado Pago.
🛒 Comprá online en nacireinacalzados.com","suecos mujer, suecos, zuecos, suecos cuero, calzado mujer, suecos de moda, suecos gamuza, sandalias, calzado comodo, suecos plataforma, suecos negro, suecos oro, suecos bison, suecos rosa, Ramos Mejía, La Matanza, Nací Reina, envíos a todo el país, calzado nacional, talles 35 al 40","https://nacireinacalzados.com/fotos/sueco-petty-negro.jpg https://nacireinacalzados.com/fotos/sueco-petty-oro.jpg https://nacireinacalzados.com/fotos/sueco-petty-bison.jpg https://nacireinacalzados.com/fotos/sueco-petty-rosa.jpg"
"82","botas","Bota texana de jean con tachas","$33.000","Bota texana de jean con tachas. Jean gastado con bordes deshilachados, tachas al costado, punta fina y taco de madera.
Colores: Jean.
Talles: del 35 al 40.
✅ Envíos a todo el país o retiro en nuestro local de Ramos Mejía.
✅ 5% OFF pagando con transferencia. Tarjeta y Mercado Pago.
🛒 Comprá online en nacireinacalzados.com","botas mujer, botas texanas, botas de moda, botas cuero, botas cortas, botinetas, calzado mujer, botas invierno, botas taco, botas western, botas jean, Ramos Mejía, La Matanza, Nací Reina, envíos a todo el país, calzado nacional, talles 35 al 40, texana, tachas, calzado de moda","https://nacireinacalzados.com/fotos/bota-texana-jean.jpg"
"83","zapatillas","Zapatillas urbanas blanco y negro","$27.500","Zapatillas urbanas blanco y negro. Blancas con talón negro, ojalillos metálicos y plataforma con franja negra abajo.
Colores: Blanco y negro.
Talles: del 35 al 40.
✅ Envíos a todo el país o retiro en nuestro local de Ramos Mejía.
✅ 5% OFF pagando con transferencia. Tarjeta y Mercado Pago.
🛒 Comprá online en nacireinacalzados.com","zapatillas unisex, zapatillas hombre, zapatillas mujer, zapatillas, zapatillas urbanas, zapatillas plataforma, sneakers, calzado mujer, zapatillas de moda, zapatillas blancas, zapatillas comodas, zapatillas cuero, zapatillas blanco y negro, Ramos Mejía, La Matanza, Nací Reina, envíos a todo el país, calzado nacional, talles 35 al 40, urbanas","https://nacireinacalzados.com/fotos/zapatilla-plataforma-blanca-negra.jpg"
"84","botas","Botineta texana símil víbora","$49.500","Botineta texana símil víbora. Botineta texana de caña corta con textura símil víbora, elásticos a los costados para calzarla fácil, punta texana y taco bajo de madera.
Colores: Negro, Oro, Suela.
Talles: del 35 al 40.
✅ Envíos a todo el país o retiro en nuestro local de Ramos Mejía.
✅ 5% OFF pagando con transferencia. Tarjeta y Mercado Pago.
🛒 Comprá online en nacireinacalzados.com","botas mujer, botas texanas, botas de moda, botas cuero, botas cortas, botinetas, calzado mujer, botas invierno, botas taco, botas western, botas negro, botas oro, botas suela, Ramos Mejía, La Matanza, Nací Reina, envíos a todo el país, calzado nacional, talles 35 al 40, botineta","https://nacireinacalzados.com/fotos/botineta-vibora-negra.jpg https://nacireinacalzados.com/fotos/botineta-vibora-oro.jpg https://nacireinacalzados.com/fotos/botineta-vibora-suela.jpg"
"85","botas","Zapato texano símil víbora","$49.500","Zapato texano símil víbora. Zapato texano abotinado con textura símil víbora, elásticos a los costados para calzarlo fácil, punta texana y taco bajo de madera.
Colores: Negro, Oro, Suela.
Talles: del 35 al 40.
✅ Envíos a todo el país o retiro en nuestro local de Ramos Mejía.
✅ 5% OFF pagando con transferencia. Tarjeta y Mercado Pago.
🛒 Comprá online en nacireinacalzados.com","botas mujer, botas texanas, botas de moda, botas cuero, botas cortas, botinetas, calzado mujer, botas invierno, botas taco, botas western, botas negro, botas oro, botas suela, Ramos Mejía, La Matanza, Nací Reina, envíos a todo el país, calzado nacional, talles 35 al 40, zapato","https://nacireinacalzados.com/fotos/texano-vibora-negro.jpg https://nacireinacalzados.com/fotos/texano-vibora-oro.jpg https://nacireinacalzados.com/fotos/texano-vibora-suela.jpg"
"86","chavitos","Chavitos sin cordones","$27.500","Chavitos sin cordones. De gamuza, estilo chelsea, con elásticos a los costados para calzarla fácil y suela de crepe cosida, cómoda y liviana.
Colores: Negro, Suela.
Talles: del 35 al 40.
✅ Envíos a todo el país o retiro en nuestro local de Ramos Mejía.
✅ 5% OFF pagando con transferencia. Tarjeta y Mercado Pago.
🛒 Comprá online en nacireinacalzados.com","chavitos, chavitos mujer, botitas, botinetas, calzado mujer, botas cortas, gamuza, suela crepe, calzado comodo, botas invierno, chavitos negro, chavitos suela, Ramos Mejía, La Matanza, Nací Reina, envíos a todo el país, calzado nacional, talles 35 al 40, sin cordones, calzado de moda","https://nacireinacalzados.com/fotos/botineta-elastico-negra.jpg https://nacireinacalzados.com/fotos/botineta-elastico-suela.jpg"
"87","sandalias","Sandalia con hebillas y tira al dedo","$24.200","Sandalia con hebillas y tira al dedo. Tiras cruzadas con hebillas, tira al dedo, pulsera con hebilla al tobillo, plantilla de gamuza y base alta liviana.
Colores: Plata.
Talles: del 35 al 40.
✅ Envíos a todo el país o retiro en nuestro local de Ramos Mejía.
✅ 5% OFF pagando con transferencia. Tarjeta y Mercado Pago.
🛒 Comprá online en nacireinacalzados.com","sandalias mujer, sandalias, sandalias plataforma, chinelas, sandalias verano, calzado mujer, sandalias de moda, sandalias taco, sandalias cuero, ojotas, sandalias plata, Ramos Mejía, La Matanza, Nací Reina, envíos a todo el país, calzado nacional, talles 35 al 40, sandalia, hebillas, calzado de moda","https://nacireinacalzados.com/fotos/sandalia-hebillas-plata.jpg"
"88","chavitos","Chavitos con cordones","$27.500","Chavitos con cordones. De gamuza, con cordones y suela de crepe cosida, cómoda y liviana.
Colores: Negro, Suela.
Talles: del 35 al 40.
✅ Envíos a todo el país o retiro en nuestro local de Ramos Mejía.
✅ 5% OFF pagando con transferencia. Tarjeta y Mercado Pago.
🛒 Comprá online en nacireinacalzados.com","chavitos, chavitos mujer, botitas, botinetas, calzado mujer, botas cortas, gamuza, suela crepe, calzado comodo, botas invierno, chavitos negro, chavitos suela, Ramos Mejía, La Matanza, Nací Reina, envíos a todo el país, calzado nacional, talles 35 al 40, cordones, calzado de moda","https://nacireinacalzados.com/fotos/chavito-cordones-negro.jpg https://nacireinacalzados.com/fotos/chavito-cordones-suela.jpg"
"89","chavitos","Chavitos sin cordones con suela de borcego","$27.500","Chavitos sin cordones con suela de borcego. De gamuza, estilo chelsea, con elásticos a los costados para calzarlos fácil y suela dentada de borcego.
Colores: Negro.
Talles: del 35 al 40.
✅ Envíos a todo el país o retiro en nuestro local de Ramos Mejía.
✅ 5% OFF pagando con transferencia. Tarjeta y Mercado Pago.
🛒 Comprá online en nacireinacalzados.com","chavitos, chavitos mujer, botitas, botinetas, calzado mujer, botas cortas, gamuza, suela crepe, calzado comodo, botas invierno, chavitos negro, Ramos Mejía, La Matanza, Nací Reina, envíos a todo el país, calzado nacional, talles 35 al 40, sin cordones, suela, borcego","https://nacireinacalzados.com/fotos/chavito-borcego-negro.jpg"
"90","chavitos","Chavitos con cordones con suela de borcego","$27.500","Chavitos con cordones con suela de borcego. De gamuza, con cordones y suela dentada de borcego.
Colores: Negro.
Talles: del 35 al 40.
✅ Envíos a todo el país o retiro en nuestro local de Ramos Mejía.
✅ 5% OFF pagando con transferencia. Tarjeta y Mercado Pago.
🛒 Comprá online en nacireinacalzados.com","chavitos, chavitos mujer, botitas, botinetas, calzado mujer, botas cortas, gamuza, suela crepe, calzado comodo, botas invierno, chavitos negro, Ramos Mejía, La Matanza, Nací Reina, envíos a todo el país, calzado nacional, talles 35 al 40, cordones, suela, borcego","https://nacireinacalzados.com/fotos/chavito-cordones-borcego-negro.jpg"
"91","suecos","Suecos Olivia","$33.000","Suecos Olivia. De gamuza, con flecos al frente, cordones con ojalillos, plantilla anatómica y suela de crepe liviana.
Colores: Negro, Bison.
Talles: del 35 al 40.
✅ Envíos a todo el país o retiro en nuestro local de Ramos Mejía.
✅ 5% OFF pagando con transferencia. Tarjeta y Mercado Pago.
🛒 Comprá online en nacireinacalzados.com","suecos mujer, suecos, zuecos, suecos cuero, calzado mujer, suecos de moda, suecos gamuza, sandalias, calzado comodo, suecos plataforma, suecos negro, suecos bison, Ramos Mejía, La Matanza, Nací Reina, envíos a todo el país, calzado nacional, talles 35 al 40, olivia, calzado de moda","https://nacireinacalzados.com/fotos/suecos-olivia-negro.jpg https://nacireinacalzados.com/fotos/suecos-olivia-bison.jpg"
"92","sandalias","Sandalia de taco alto con plataforma y tiras cruzadas","$33.000","Sandalia de taco alto con plataforma y tiras cruzadas. Dos tiras anchas cruzadas, pulsera al tobillo con hebilla, taco ancho alto y plataforma.
Colores: Negro.
Talles: del 35 al 40.
✅ Envíos a todo el país o retiro en nuestro local de Ramos Mejía.
✅ 5% OFF pagando con transferencia. Tarjeta y Mercado Pago.
🛒 Comprá online en nacireinacalzados.com","sandalias mujer, sandalias, sandalias plataforma, chinelas, sandalias verano, calzado mujer, sandalias de moda, sandalias taco, sandalias cuero, ojotas, sandalias negro, Ramos Mejía, La Matanza, Nací Reina, envíos a todo el país, calzado nacional, talles 35 al 40, sandalia, plataforma, tiras","https://nacireinacalzados.com/fotos/sandalia-umma-negra.jpg"
"93","sandalias","Sandalia de charol con plataforma y taco","$38.500","Sandalia de charol con plataforma y taco. De charol brillante, faja ancha al frente, pulsera al tobillo con hebilla, plataforma y taco ancho.
Colores: Negro.
Talles: del 35 al 40.
✅ Envíos a todo el país o retiro en nuestro local de Ramos Mejía.
✅ 5% OFF pagando con transferencia. Tarjeta y Mercado Pago.
🛒 Comprá online en nacireinacalzados.com","sandalias mujer, sandalias, sandalias plataforma, chinelas, sandalias verano, calzado mujer, sandalias de moda, sandalias taco, sandalias cuero, ojotas, sandalias negro, Ramos Mejía, La Matanza, Nací Reina, envíos a todo el país, calzado nacional, talles 35 al 40, sandalia, charol, plataforma","https://nacireinacalzados.com/fotos/sandalia-charol-negra.jpg"
"94","sandalias","Sandalia de dos tiras anchas","$27.500","Sandalia de dos tiras anchas. Dos tiras anchas al frente, pulsera al tobillo con hebilla, plantilla acolchada y base cómoda.
Colores: Negro, Blanco.
Talles: del 35 al 40.
✅ Envíos a todo el país o retiro en nuestro local de Ramos Mejía.
✅ 5% OFF pagando con transferencia. Tarjeta y Mercado Pago.
🛒 Comprá online en nacireinacalzados.com","sandalias mujer, sandalias, sandalias plataforma, chinelas, sandalias verano, calzado mujer, sandalias de moda, sandalias taco, sandalias cuero, ojotas, sandalias negro, sandalias blanco, Ramos Mejía, La Matanza, Nací Reina, envíos a todo el país, calzado nacional, talles 35 al 40, sandalia, tiras","https://nacireinacalzados.com/fotos/sandalia-dos-tiras-negra.jpg https://nacireinacalzados.com/fotos/sandalia-dos-tiras-blanca.jpg"
"95","sandalias","Sandalia gomón de tiras cruzadas","$33.000","Sandalia gomón de tiras cruzadas. Tiras anchas cruzadas de cuero texturado, plantilla acolchada y base alta liviana.
Colores: Negro.
Talles: del 35 al 40.
✅ Envíos a todo el país o retiro en nuestro local de Ramos Mejía.
✅ 5% OFF pagando con transferencia. Tarjeta y Mercado Pago.
🛒 Comprá online en nacireinacalzados.com","sandalias mujer, sandalias, sandalias plataforma, chinelas, sandalias verano, calzado mujer, sandalias de moda, sandalias taco, sandalias cuero, ojotas, sandalias negro, Ramos Mejía, La Matanza, Nací Reina, envíos a todo el país, calzado nacional, talles 35 al 40, sandalia, gomón, tiras","https://nacireinacalzados.com/fotos/chinela-cruzada-negra.jpg"
"96","borcegos","Borcego con correas y tachas","$38.500","Borcego con correas y tachas. Acordonado con cierre lateral, correas con tachas y puntera metálica, plataforma dentada.
Colores: Chocolate.
Talles: del 35 al 40.
✅ Envíos a todo el país o retiro en nuestro local de Ramos Mejía.
✅ 5% OFF pagando con transferencia. Tarjeta y Mercado Pago.
🛒 Comprá online en nacireinacalzados.com","borcegos mujer, borcegos, botas borcego, borcego plataforma, calzado mujer, borcegos de moda, borcego negro, botas invierno, borcego cuero, borcego cordones, borcegos chocolate, Ramos Mejía, La Matanza, Nací Reina, envíos a todo el país, calzado nacional, talles 35 al 40, borcego, correas, tachas","https://nacireinacalzados.com/fotos/borcego-correa-chocolate.jpg"
"97","sandalias","Sandalia cruzada metalizada","$22.000","Sandalia cruzada metalizada. Dos tiras anchas cruzadas metalizadas, plantilla de gamuza con almohadilla y base liviana.
Colores: Dorado.
Talles: del 35 al 40.
✅ Envíos a todo el país o retiro en nuestro local de Ramos Mejía.
✅ 5% OFF pagando con transferencia. Tarjeta y Mercado Pago.
🛒 Comprá online en nacireinacalzados.com","sandalias mujer, sandalias, sandalias plataforma, chinelas, sandalias verano, calzado mujer, sandalias de moda, sandalias taco, sandalias cuero, ojotas, sandalias dorado, Ramos Mejía, La Matanza, Nací Reina, envíos a todo el país, calzado nacional, talles 35 al 40, sandalia, cruzada, metalizada","https://nacireinacalzados.com/fotos/sandalia-cruzada-dorada.jpg"